"DESCRIPTION","DURATION IN MS","NAME","PARENT SUITE","START TIME","STATUS","STOP TIME","SUB SUITE","SUITE","TEST CLASS","TEST METHOD"
"","1102","@smoke Schema validation by creating and getting user","chromium","2026-10-09","passed","2026-10-09","","apitests/users.api.schema.spec.ts","",""
"","3509","@smoke footers exists on product page","chromium","2026-10-09","passed","2026-10-09","","homepagefix.spec.ts","",""
"","783","@smoke GET- get all the users and schema validation for the array","chromium","2026-10-09","passed","2026-10-09","","apitests/users.api.schema.spec.ts","",""
"","362","@smoke POST API ---create a user test","chromium","2026-10-09","passed","2026-10-09","running e2e go rest CRUD api tests","apitests/users.api.sep.spec.ts","",""
"","351","@smoke PUT API ---Update a user test","chromium","2026-10-09","passed","2026-10-09","running e2e go rest CRUD api tests","apitests/users.api.sep.spec.ts","",""
"","2511","@smoke Comp logo exists on product page","chromium","2026-10-09","passed","2026-10-09","","loginpagefix.spec.ts","",""
"","2375","@smoke footers exists on product page","chromium","2026-10-09","passed","2026-10-09","","loginpagefix.spec.ts","",""
"","2453","@smoke login page title test","chromium","2026-10-09","passed","2026-10-09","","loginpagefix.spec.ts","",""
"","3492","@smoke user is able to login to the app test","chromium","2026-10-09","passed","2026-10-09","","loginpagefix.spec.ts","",""
"","360","@smoke GET API ---get all users test","chromium","2026-10-09","passed","2026-10-09","running e2e go rest CRUD api tests","apitests/users.api.sep.spec.ts","",""
"","3624","@smoke Comp logo exists on product page","chromium","2026-10-09","passed","2026-10-09","","homepagefix.spec.ts","",""
